[
    {"name": "London", "lat": 0, "lng": 0},
    {"name": "Manchester", "lat": 0, "lng": 0 },
    {"name": "Birmingham", "lat": 0, "lng": 0 },
    {"name": "Glasgow", "lat": 0, "lng": 0 },
    {"name": "Newcastle Upon Tyne", "lat": 0, "lng": 0 },
    {"name": "Liverpool", "lat": 0, "lng": 0 },
    {"name": "Bristol", "lat": 0, "lng": 0 },
    {"name": "Sheffield", "lat": 0, "lng": 0 },
    {"name": "Belfast", "lat": 0, "lng": 0 },
    {"name": "Edinburgh", "lat": 0, "lng": 0 },
    {"name": "Nottingham", "lat": 0, "lng": 0 },
    {"name": "Cardiff", "lat": 0, "lng": 0 },
    {"name": "Leicester", "lat": 0, "lng": 0 },
    {"name": "Aberdeen", "lat": 0, "lng": 0 },
    {"name": "Coventry", "lat": 0, "lng": 0 },
    {"name": "Southampton", "lat": 0, "lng": 0 },
    {"name": "Norwich", "lat": 0, "lng": 0 },
    {"name": "Swansea", "lat": 0, "lng": 0 },
    {"name": "Northampton", "lat": 0, "lng": 0 },
    {"name": "Peterborough", "lat": 0, "lng": 0 },
    {"name": "Reading", "lat": 0, "lng": 0 },
    {"name": "Leeds, West Yorkshire", "lat": 0, "lng": 0 },
    {"name": "Hull", "lat": 0, "lng": 0 },
    {"name": "Bradford, West Yorkshire", "lat": 0, "lng": 0 },
    {"name": "Doncaster", "lat": 0, "lng": 0 },
    {"name": "York", "lat": 0, "lng": 0 },
    {"name": "Bolton, Lancashire", "lat": 0, "lng": 0 },
    {"name": "Derby", "lat": 0, "lng": 0 },
    {"name": "Wolverhampton", "lat": 0, "lng": 0 },
    {"name": "Stoke On Trent", "lat": 0, "lng": 0 },
    {"name": "Luton, Bedfordshire", "lat": 0, "lng": 0 },
    {"name": "Milton Keynes", "lat": 0, "lng": 0 },
    {"name": "Brighton", "lat": 0, "lng": 0 },
    {"name": "Plymouth", "lat": 0, "lng": 0 },
    {"name": "Warrington, Cheshire", "lat": 0, "lng": 0 },
    {"name": "Cambridge, Cambridgeshire", "lat": 0, "lng": 0 },
    {"name": "Oxford", "lat": 0, "lng": 0 },
    {"name": "Exeter", "lat": 0, "lng": 0 },
    {"name": "Portsmouth", "lat": 0, "lng": 0 },
    {"name": "Middlesbrough", "lat": 0, "lng": 0 }
]